element,sp_num,obs_wl_vac(nm),unc_obs_wl,ritz_wl_vac(nm),unc_ritz_wl,obs-ritz,wn(cm-1),intens,Aki(10^8 s^-1),fik,S(a.u.),log_gf,Acc,Ei(cm-1),Ek(cm-1),conf_i,term_i,J_i,conf_k,term_k,J_k,g_i,g_k,Type,tp_ref,line_ref,
Cm,96,"=""""","=""""","=""0.00945007""","=""0.00000016""","=""""","=""1058193000""","=""""","=""1.3083e+08""","=""3.5032e-02""","=""2.1798e-05""","=""-1.15450""",AA,"=""0""","=""1058193000""","=""1s""","=""2S""","=""1/2""","=""3p""","=""2P*""","=""3/2""",2,4,,"=""T7771""","=""""",
Cm,96,"=""""","=""""","=""0.0095727""","=""0.0000006""","=""""","=""1044640000""","=""""","=""1.2073e+08""","=""1.6586e-02""","=""1.0454e-05""","=""-1.47923""",AA,"=""0""","=""1044640000""","=""1s""","=""2S""","=""1/2""","=""3p""","=""2P*""","=""1/2""",2,2,,"=""T7771""","=""""",
Cm,96,"=""""","=""""","=""0.01093548""","=""0.00000022""","=""""","=""914455000""","=""""","=""4.5029e+08""","=""1.6145e-01""","=""1.1625e-04""","=""-0.49092""",AA,"=""0""","=""914454800""","=""1s""","=""2S""","=""1/2""","=""2p""","=""2P*""","=""3/2""",2,4,,"=""T7771""","=""""",
Cm,96,"=""""","=""""","=""0.01150581""","=""0.00000024""","=""""","=""869126000""","=""""","=""5.5344e+08""","=""1.0984e-01""","=""8.3212e-05""","=""-0.65821""",AA,"=""0""","=""869126000""","=""1s""","=""2S""","=""1/2""","=""2p""","=""2P*""","=""1/2""",2,2,,"=""T7771""","=""""",
Cm,96,"=""""","=""""","=""0.052897""","=""0.000004""","=""""","=""189048000""","=""""","=""5.5707e+07""","=""4.6736e-01""","=""1.6277e-03""","=""-0.02932""",AA,"=""(869126000)""","=""(1058174400)""","=""2p""","=""2P*""","=""1/2""","=""3d""","=""2D""","=""3/2""",2,4,,"=""T7771""","=""""",
Cm,96,"=""""","=""""","=""0.053119""","=""0.000005""","=""""","=""188255000""","=""""","=""1.3202e+07""","=""1.1169e-01""","=""3.9065e-04""","=""-0.65094""",AA,"=""(869938000)""","=""(1058193000)""","=""2s""","=""2S""","=""1/2""","=""3p""","=""2P*""","=""3/2""",2,4,,"=""T7771""","=""""",
Cm,96,"=""""","=""""","=""0.056883""","=""0.000008""","=""""","=""175800000""","=""""","=""2.6087e+06""","=""1.2655e-02""","=""4.7395e-05""","=""-1.59672""",AA,"=""(869126000)""","=""(1044926000)""","=""2p""","=""2P*""","=""1/2""","=""3s""","=""2S""","=""1/2""",2,2,,"=""T7771""","=""""",
Cm,96,"=""""","=""""","=""0.057240""","=""0.000020""","=""""","=""174700000""","=""""","=""2.8348e+07""","=""1.3925e-01""","=""5.2479e-04""","=""-0.55519""",AA,"=""(869938000)""","=""(1044640000)""","=""2s""","=""2S""","=""1/2""","=""3p""","=""2P*""","=""1/2""",2,2,,"=""T7771""","=""""",
Cm,96,"=""""","=""""","=""0.067992""","=""0.000006""","=""""","=""147075000""","=""""","=""5.3652e+07""","=""5.5777e-01""","=""4.9940e-03""","=""0.34852""",AA,"=""(914454800)""","=""(1061530200)""","=""2p""","=""2P*""","=""3/2""","=""3d""","=""2D""","=""5/2""",4,6,,"=""T7771""","=""""",
Cm,96,"=""""","=""""","=""0.069580""","=""0.000006""","=""""","=""143720000""","=""""","=""8.8236e+06""","=""6.4043e-02""","=""5.8680e-04""","=""-0.59147""",AA,"=""(914454800)""","=""(1058174400)""","=""2p""","=""2P*""","=""3/2""","=""3d""","=""2D""","=""3/2""",4,4,,"=""T7771""","=""""",
Cm,96,"=""""","=""""","=""0.076645""","=""0.000014""","=""""","=""130471000""","=""""","=""1.0668e+07""","=""4.6977e-02""","=""4.7414e-04""","=""-0.72605""",AA,"=""(914454800)""","=""(1044926000)""","=""2p""","=""2P*""","=""3/2""","=""3s""","=""2S""","=""1/2""",4,2,,"=""T7771""","=""""",
Cm,96,"=""""","=""""","=""0.224634""","=""0.000015""","=""""","=""44517000""","=""""","=""1.3829e+06""","=""2.0924e-01""","=""3.0948e-03""","=""-0.37833""",AA,"=""(869938000)""","=""(914454800)""","=""2s""","=""2S""","=""1/2""","=""2p""","=""2P*""","=""3/2""",2,4,,"=""T7771""","=""""",
Cm,94,"=""0.227113""","=""0.000021""","=""0.227113""","=""0.000021""","=""0.000000""","=""44031000""","=""j""","=""""","=""""","=""""","=""""",,"=""0""","=""44031000""","=""1s2.2s""","=""2S""","=""1/2""","=""1s2.2p""","=""2P*""","=""3/2""",2,4,,"=""""","=""u57""",
Cm,94,"=""4.129""","=""0.007""","=""4.129""","=""0.007""","=""0.000""","=""2422000""","=""j""","=""""","=""""","=""""","=""""",,"=""0""","=""2422000""","=""1s2.2s""","=""2S""","=""1/2""","=""1s2.2p""","=""2P*""","=""1/2""",2,2,,"=""""","=""u57""",
Cm,96,"=""""","=""""","=""12.32""","=""0.05""","=""""","=""812000""","=""""","=""""","=""""","=""""","=""""",,"=""(869126000)""","=""(869938000)""","=""2p""","=""2P*""","=""1/2""","=""2s""","=""2S""","=""1/2""",2,2,,"=""""","=""""",
element,sp_num,obs_wl_air(nm),unc_obs_wl,ritz_wl_air(nm),unc_ritz_wl,obs-ritz,wn(cm-1),intens,Aki(10^8 s^-1),fik,S(a.u.),log_gf,Acc,Ei(cm-1),Ek(cm-1),conf_i,term_i,J_i,conf_k,term_k,J_k,g_i,g_k,Type,tp_ref,line_ref,
Cm,2,"=""246.276""","=""""","=""""","=""""","=""""","=""40592.6""","=""10000""","=""""","=""""","=""""","=""""",,"=""""","=""""","=""""","=""""","=""""","=""""","=""""","=""""",1,1,,"=""""","=""L3587""",
Cm,2,"=""261.717""","=""""","=""""","=""""","=""""","=""38197.8""","=""10000""","=""""","=""""","=""""","=""""",,"=""""","=""""","=""""","=""""","=""""","=""""","=""""","=""""",1,1,,"=""""","=""L3587""",
Cm,2,"=""263.628""","=""""","=""""","=""""","=""""","=""37920.9""","=""10000""","=""""","=""""","=""""","=""""",,"=""""","=""""","=""""","=""""","=""""","=""""","=""""","=""""",1,1,,"=""""","=""L3587""",
Cm,2,"=""265.117""","=""""","=""""","=""""","=""""","=""37708.0""","=""10000""","=""""","=""""","=""""","=""""",,"=""""","=""""","=""""","=""""","=""""","=""""","=""""","=""""",1,1,,"=""""","=""L3587""",
Cm,2,"=""265.380""","=""""","=""""","=""""","=""""","=""37670.6""","=""10000""","=""""","=""""","=""""","=""""",,"=""""","=""""","=""""","=""""","=""""","=""""","=""""","=""""",1,1,,"=""""","=""L3587""",
Cm,2,"=""272.568""","=""""","=""""","=""""","=""""","=""36677.2""","=""10000""","=""""","=""""","=""""","=""""",,"=""""","=""""","=""""","=""""","=""""","=""""","=""""","=""""",1,1,,"=""""","=""L3587""",
Cm,2,"=""273.689""","=""""","=""""","=""""","=""""","=""36527.0""","=""10000""","=""""","=""""","=""""","=""""",,"=""""","=""""","=""""","=""""","=""""","=""""","=""""","=""""",1,1,,"=""""","=""L3587""",
Cm,2,"=""274.804""","=""""","=""""","=""""","=""""","=""36378.8""","=""10000""","=""""","=""""","=""""","=""""",,"=""""","=""""","=""""","=""""","=""""","=""""","=""""","=""""",1,1,,"=""""","=""L3587""",
Cm,2,"=""278.483""","=""""","=""""","=""""","=""""","=""35898.2""","=""10000""","=""""","=""""","=""""","=""""",,"=""""","=""""","=""""","=""""","=""""","=""""","=""""","=""""",1,1,,"=""""","=""L3587""",
Cm,2,"=""281.162""","=""""","=""""","=""""","=""""","=""35556.2""","=""10000""","=""""","=""""","=""""","=""""",,"=""""","=""""","=""""","=""""","=""""","=""""","=""""","=""""",1,1,,"=""""","=""L3587""",
Cm,2,"=""282.420""","=""""","=""""","=""""","=""""","=""35397.8""","=""10000""","=""""","=""""","=""""","=""""",,"=""""","=""""","=""""","=""""","=""""","=""""","=""""","=""""",1,1,,"=""""","=""L3587""",
Cm,2,"=""283.358""","=""""","=""""","=""""","=""""","=""35280.7""","=""10000""","=""""","=""""","=""""","=""""",,"=""""","=""""","=""""","=""""","=""""","=""""","=""""","=""""",1,1,,"=""""","=""L3587""",
Cm,2,"=""289.990""","=""""","=""""","=""""","=""""","=""34473.8""","=""10000""","=""""","=""""","=""""","=""""",,"=""""","=""""","=""""","=""""","=""""","=""""","=""""","=""""",1,1,,"=""""","=""L3587""",
Cm,2,"=""291.297""","=""""","=""""","=""""","=""""","=""34319.2""","=""10000""","=""""","=""""","=""""","=""""",,"=""""","=""""","=""""","=""""","=""""","=""""","=""""","=""""",1,1,,"=""""","=""L3587""",
Cm,2,"=""292.892""","=""""","=""""","=""""","=""""","=""34132.3""","=""10000""","=""""","=""""","=""""","=""""",,"=""""","=""""","=""""","=""""","=""""","=""""","=""""","=""""",1,1,,"=""""","=""L3587""",
Cm,2,"=""299.618""","=""""","=""""","=""""","=""""","=""33366.1""","=""10000""","=""""","=""""","=""""","=""""",,"=""""","=""""","=""""","=""""","=""""","=""""","=""""","=""""",1,1,,"=""""","=""L3587""",
Cm,1,"=""299.939""","=""""","=""""","=""""","=""""","=""33330.4""","=""10000""","=""""","=""""","=""""","=""""",,"=""""","=""""","=""""","=""""","=""""","=""""","=""""","=""""",1,1,,"=""""","=""L3587""",
Cm,2,"=""301.487""","=""""","=""""","=""""","=""""","=""33159.3""","=""10000b""","=""""","=""""","=""""","=""""",,"=""""","=""""","=""""","=""""","=""""","=""""","=""""","=""""",1,1,,"=""""","=""L3587""",
Cm,2,"=""304.485""","=""""","=""""","=""""","=""""","=""32832.8""","=""10000""","=""""","=""""","=""""","=""""",,"=""""","=""""","=""""","=""""","=""""","=""""","=""""","=""""",1,1,,"=""""","=""L3587""",
Cm,1,"=""310.969""","=""""","=""""","=""""","=""""","=""32148.2""","=""10000""","=""""","=""""","=""""","=""""",,"=""""","=""""","=""""","=""""","=""""","=""""","=""""","=""""",1,1,,"=""""","=""L3587""",
Cm,1,"=""311.641""","=""""","=""""","=""""","=""""","=""32078.9""","=""10000""","=""""","=""""","=""""","=""""",,"=""""","=""""","=""""","=""""","=""""","=""""","=""""","=""""",1,1,,"=""""","=""L3587""",
Cm,1,"=""313.716""","=""""","=""""","=""""","=""""","=""31866.7""","=""10000""","=""""","=""""","=""""","=""""",,"=""""","=""""","=""""","=""""","=""""","=""""","=""""","=""""",1,1,,"=""""","=""L3587""",
Cm,1,"=""314.733""","=""""","=""""","=""""","=""""","=""31763.8""","=""10000""","=""""","=""""","=""""","=""""",,"=""""","=""""","=""""","=""""","=""""","=""""","=""""","=""""",1,1,,"=""""","=""L3587""",
Cm,1,"=""315.510""","=""""","=""""","=""""","=""""","=""31685.5""","=""10000""","=""""","=""""","=""""","=""""",,"=""""","=""""","=""""","=""""","=""""","=""""","=""""","=""""",1,1,,"=""""","=""L3587""",
Cm,1,"=""315.860""","=""""","=""""","=""""","=""""","=""31650.4""","=""10000""","=""""","=""""","=""""","=""""",,"=""""","=""""","=""""","=""""","=""""","=""""","=""""","=""""",1,1,,"=""""","=""L3587""",
Cm,2,"=""316.998""","=""""","=""""","=""""","=""""","=""31536.8""","=""10000""","=""""","=""""","=""""","=""""",,"=""""","=""""","=""""","=""""","=""""","=""""","=""""","=""""",1,1,,"=""""","=""L3587""",
Cm,1,"=""317.755""","=""""","=""""","=""""","=""""","=""31461.7""","=""10000""","=""""","=""""","=""""","=""""",,"=""""","=""""","=""""","=""""","=""""","=""""","=""""","=""""",1,1,,"=""""","=""L3587""",
Cm,1,"=""317.910""","=""""","=""""","=""""","=""""","=""31446.3""","=""10000""","=""""","=""""","=""""","=""""",,"=""""","=""""","=""""","=""""","=""""","=""""","=""""","=""""",1,1,,"=""""","=""L3587""",
Cm,1,"=""318.641""","=""""","=""""","=""""","=""""","=""31374.2""","=""10000""","=""""","=""""","=""""","=""""",,"=""""","=""""","=""""","=""""","=""""","=""""","=""""","=""""",1,1,,"=""""","=""L3587""",
Cm,1,"=""318.811""","=""""","=""""","=""""","=""""","=""31357.5""","=""10000""","=""""","=""""","=""""","=""""",,"=""""","=""""","=""""","=""""","=""""","=""""","=""""","=""""",1,1,,"=""""","=""L3587""",
Cm,2,"=""320.712""","=""""","=""""","=""""","=""""","=""31171.6""","=""10000""","=""""","=""""","=""""","=""""",,"=""""","=""""","=""""","=""""","=""""","=""""","=""""","=""""",1,1,,"=""""","=""L3587""",
Cm,1,"=""320.771""","=""""","=""""","=""""","=""""","=""31165.9""","=""10000""","=""""","=""""","=""""","=""""",,"=""""","=""""","=""""","=""""","=""""","=""""","=""""","=""""",1,1,,"=""""","=""L3587""",
Cm,2,"=""320.989""","=""""","=""""","=""""","=""""","=""31144.7""","=""10000""","=""""","=""""","=""""","=""""",,"=""""","=""""","=""""","=""""","=""""","=""""","=""""","=""""",1,1,,"=""""","=""L3587""",
Cm,1,"=""320.994""","=""""","=""""","=""""","=""""","=""31144.2""","=""10000""","=""""","=""""","=""""","=""""",,"=""""","=""""","=""""","=""""","=""""","=""""","=""""","=""""",1,1,,"=""""","=""L3587""",
Cm,2,"=""321.005""","=""""","=""""","=""""","=""""","=""31143.2""","=""10000""","=""""","=""""","=""""","=""""",,"=""""","=""""","=""""","=""""","=""""","=""""","=""""","=""""",1,1,,"=""""","=""L3587""",
Cm,2,"=""322.076""","=""""","=""""","=""""","=""""","=""31039.6""","=""10000""","=""""","=""""","=""""","=""""",,"=""""","=""""","=""""","=""""","=""""","=""""","=""""","=""""",1,1,,"=""""","=""L3587""",
Cm,1,"=""322.423""","=""""","=""""","=""""","=""""","=""31006.2""","=""10000""","=""""","=""""","=""""","=""""",,"=""""","=""""","=""""","=""""","=""""","=""""","=""""","=""""",1,1,,"=""""","=""L3587""",
Cm,1,"=""322.511""","=""""","=""""","=""""","=""""","=""30997.7""","=""10000""","=""""","=""""","=""""","=""""",,"=""""","=""""","=""""","=""""","=""""","=""""","=""""","=""""",1,1,,"=""""","=""L3587""",
Cm,2,"=""322.641""","=""""","=""""","=""""","=""""","=""30985.3""","=""10000""","=""""","=""""","=""""","=""""",,"=""""","=""""","=""""","=""""","=""""","=""""","=""""","=""""",1,1,,"=""""","=""L3587""",
Cm,1,"=""323.028""","=""""","=""""","=""""","=""""","=""30948.1""","=""10000""","=""""","=""""","=""""","=""""",,"=""""","=""""","=""""","=""""","=""""","=""""","=""""","=""""",1,1,,"=""""","=""L3587""",
Cm,2,"=""323.035""","=""""","=""""","=""""","=""""","=""30947.5""","=""10000""","=""""","=""""","=""""","=""""",,"=""""","=""""","=""""","=""""","=""""","=""""","=""""","=""""",1,1,,"=""""","=""L3587""",
Cm,1,"=""323.674""","=""""","=""""","=""""","=""""","=""30886.4""","=""10000""","=""""","=""""","=""""","=""""",,"=""""","=""""","=""""","=""""","=""""","=""""","=""""","=""""",1,1,,"=""""","=""L3587""",
Cm,2,"=""323.855""","=""""","=""""","=""""","=""""","=""30869.1""","=""10000""","=""""","=""""","=""""","=""""",,"=""""","=""""","=""""","=""""","=""""","=""""","=""""","=""""",1,1,,"=""""","=""L3587""",
Cm,2,"=""324.266""","=""""","=""""","=""""","=""""","=""30830.0""","=""10000""","=""""","=""""","=""""","=""""",,"=""""","=""""","=""""","=""""","=""""","=""""","=""""","=""""",1,1,,"=""""","=""L3587""",
Cm,1,"=""324.625""","=""""","=""""","=""""","=""""","=""30795.9""","=""10000""","=""""","=""""","=""""","=""""",,"=""""","=""""","=""""","=""""","=""""","=""""","=""""","=""""",1,1,,"=""""","=""L3587""",
Cm,1,"=""325.268""","=""""","=""""","=""""","=""""","=""30735.0""","=""10000""","=""""","=""""","=""""","=""""",,"=""""","=""""","=""""","=""""","=""""","=""""","=""""","=""""",1,1,,"=""""","=""L3587""",
Cm,1,"=""326.581""","=""""","=""""","=""""","=""""","=""30611.4""","=""10000""","=""""","=""""","=""""","=""""",,"=""""","=""""","=""""","=""""","=""""","=""""","=""""","=""""",1,1,,"=""""","=""L3587""",
Cm,1,"=""328.045""","=""""","=""""","=""""","=""""","=""30474.8""","=""10000""","=""""","=""""","=""""","=""""",,"=""""","=""""","=""""","=""""","=""""","=""""","=""""","=""""",1,1,,"=""""","=""L3587""",
Cm,2,"=""329.671""","=""""","=""""","=""""","=""""","=""30324.5""","=""10000""","=""""","=""""","=""""","=""""",,"=""""","=""""","=""""","=""""","=""""","=""""","=""""","=""""",1,1,,"=""""","=""L3587""",
Cm,1,"=""330.485""","=""""","=""""","=""""","=""""","=""30249.9""","=""10000""","=""""","=""""","=""""","=""""",,"=""""","=""""","=""""","=""""","=""""","=""""","=""""","=""""",1,1,,"=""""","=""L3587""",
Cm,1,"=""331.714""","=""""","=""""","=""""","=""""","=""30137.8""","=""10000""","=""""","=""""","=""""","=""""",,"=""""","=""""","=""""","=""""","=""""","=""""","=""""","=""""",1,1,,"=""""","=""L3587""",
Cm,1,"=""337.470""","=""""","=""""","=""""","=""""","=""29623.8""","=""10000""","=""""","=""""","=""""","=""""",,"=""""","=""""","=""""","=""""","=""""","=""""","=""""","=""""",1,1,,"=""""","=""L3587""",
Cm,1,"=""345.292""","=""""","=""""","=""""","=""""","=""28952.7""","=""10000""","=""""","=""""","=""""","=""""",,"=""""","=""""","=""""","=""""","=""""","=""""","=""""","=""""",1,1,,"=""""","=""L3587""",
Cm,1,"=""345.834""","=""""","=""""","=""""","=""""","=""28907.3""","=""10000""","=""""","=""""","=""""","=""""",,"=""""","=""""","=""""","=""""","=""""","=""""","=""""","=""""",1,1,,"=""""","=""L3587""",
Cm,1,"=""351.028""","=""""","=""""","=""""","=""""","=""28479.6""","=""10000""","=""""","=""""","=""""","=""""",,"=""""","=""""","=""""","=""""","=""""","=""""","=""""","=""""",1,1,,"=""""","=""L3587""",
Cm,1,"=""352.236""","=""""","=""""","=""""","=""""","=""28381.9""","=""10000""","=""""","=""""","=""""","=""""",,"=""""","=""""","=""""","=""""","=""""","=""""","=""""","=""""",1,1,,"=""""","=""L3587""",
Cm,1,"=""352.494""","=""""","=""""","=""""","=""""","=""28361.2""","=""10000""","=""""","=""""","=""""","=""""",,"=""""","=""""","=""""","=""""","=""""","=""""","=""""","=""""",1,1,,"=""""","=""L3587""",
Cm,1,"=""354.206""","=""""","=""""","=""""","=""""","=""28224.1""","=""10000""","=""""","=""""","=""""","=""""",,"=""""","=""""","=""""","=""""","=""""","=""""","=""""","=""""",1,1,,"=""""","=""L3587""",
Cm,1,"=""354.702""","=""""","=""""","=""""","=""""","=""28184.6""","=""10000""","=""""","=""""","=""""","=""""",,"=""""","=""""","=""""","=""""","=""""","=""""","=""""","=""""",1,1,,"=""""","=""L3587""",
Cm,1,"=""354.792""","=""""","=""""","=""""","=""""","=""28177.5""","=""10000""","=""""","=""""","=""""","=""""",,"=""""","=""""","=""""","=""""","=""""","=""""","=""""","=""""",1,1,,"=""""","=""L3587""",
Cm,1,"=""356.144""","=""""","=""""","=""""","=""""","=""28070.5""","=""10000""","=""""","=""""","=""""","=""""",,"=""""","=""""","=""""","=""""","=""""","=""""","=""""","=""""",1,1,,"=""""","=""L3587""",
Cm,2,"=""357.295""","=""""","=""""","=""""","=""""","=""27980.1""","=""10000""","=""""","=""""","=""""","=""""",,"=""""","=""""","=""""","=""""","=""""","=""""","=""""","=""""",1,1,,"=""""","=""L3587""",
Cm,1,"=""360.062""","=""""","=""""","=""""","=""""","=""27765.1""","=""10000""","=""""","=""""","=""""","=""""",,"=""""","=""""","=""""","=""""","=""""","=""""","=""""","=""""",1,1,,"=""""","=""L3587""",
Cm,1,"=""363.994""","=""""","=""""","=""""","=""""","=""27465.2""","=""10000""","=""""","=""""","=""""","=""""",,"=""""","=""""","=""""","=""""","=""""","=""""","=""""","=""""",1,1,,"=""""","=""L3587""",
Cm,1,"=""366.434""","=""""","=""""","=""""","=""""","=""27282.3""","=""10000""","=""""","=""""","=""""","=""""",,"=""""","=""""","=""""","=""""","=""""","=""""","=""""","=""""",1,1,,"=""""","=""L3587""",
Cm,1,"=""370.943""","=""""","=""""","=""""","=""""","=""26950.7""","=""10000""","=""""","=""""","=""""","=""""",,"=""""","=""""","=""""","=""""","=""""","=""""","=""""","=""""",1,1,,"=""""","=""L3587""",
Cm,1,"=""372.900""","=""""","=""""","=""""","=""""","=""26809.2""","=""10000""","=""""","=""""","=""""","=""""",,"=""""","=""""","=""""","=""""","=""""","=""""","=""""","=""""",1,1,,"=""""","=""L3587""",
Cm,1,"=""373.235""","=""""","=""""","=""""","=""""","=""26785.2""","=""10000""","=""""","=""""","=""""","=""""",,"=""""","=""""","=""""","=""""","=""""","=""""","=""""","=""""",1,1,,"=""""","=""L3587""",
Cm,1,"=""374.786""","=""""","=""""","=""""","=""""","=""26674.3""","=""10000""","=""""","=""""","=""""","=""""",,"=""""","=""""","=""""","=""""","=""""","=""""","=""""","=""""",1,1,,"=""""","=""L3587""",
Cm,1,"=""376.305""","=""""","=""""","=""""","=""""","=""26566.6""","=""10000""","=""""","=""""","=""""","=""""",,"=""""","=""""","=""""","=""""","=""""","=""""","=""""","=""""",1,1,,"=""""","=""L3587""",
Cm,1,"=""377.575""","=""""","=""""","=""""","=""""","=""26477.3""","=""10000""","=""""","=""""","=""""","=""""",,"=""""","=""""","=""""","=""""","=""""","=""""","=""""","=""""",1,1,,"=""""","=""L3587""",
Cm,1,"=""381.630""","=""""","=""""","=""""","=""""","=""26196.0""","=""10000""","=""""","=""""","=""""","=""""",,"=""""","=""""","=""""","=""""","=""""","=""""","=""""","=""""",1,1,,"=""""","=""L3587""",
Cm,1,"=""382.514""","=""""","=""""","=""""","=""""","=""26135.4""","=""10000""","=""""","=""""","=""""","=""""",,"=""""","=""""","=""""","=""""","=""""","=""""","=""""","=""""",1,1,,"=""""","=""L3587""",
Cm,1,"=""383.332""","=""""","=""""","=""""","=""""","=""26079.6""","=""10000""","=""""","=""""","=""""","=""""",,"=""""","=""""","=""""","=""""","=""""","=""""","=""""","=""""",1,1,,"=""""","=""L3587""",
Cm,1,"=""383.759""","=""""","=""""","=""""","=""""","=""26050.6""","=""10000""","=""""","=""""","=""""","=""""",,"=""""","=""""","=""""","=""""","=""""","=""""","=""""","=""""",1,1,,"=""""","=""L3587""",
Cm,1,"=""384.200""","=""""","=""""","=""""","=""""","=""26020.7""","=""10000""","=""""","=""""","=""""","=""""",,"=""""","=""""","=""""","=""""","=""""","=""""","=""""","=""""",1,1,,"=""""","=""L3587""",
Cm,1,"=""384.992""","=""""","=""""","=""""","=""""","=""25967.2""","=""10000""","=""""","=""""","=""""","=""""",,"=""""","=""""","=""""","=""""","=""""","=""""","=""""","=""""",1,1,,"=""""","=""L3587""",
Cm,1,"=""385.411""","=""""","=""""","=""""","=""""","=""25939.0""","=""10000""","=""""","=""""","=""""","=""""",,"=""""","=""""","=""""","=""""","=""""","=""""","=""""","=""""",1,1,,"=""""","=""L3587""",
Cm,1,"=""390.025""","=""""","=""""","=""""","=""""","=""25632.1""","=""10000""","=""""","=""""","=""""","=""""",,"=""""","=""""","=""""","=""""","=""""","=""""","=""""","=""""",1,1,,"=""""","=""L3587""",
Cm,2,"=""390.406""","=""""","=""""","=""""","=""""","=""25607.1""","=""10000""","=""""","=""""","=""""","=""""",,"=""""","=""""","=""""","=""""","=""""","=""""","=""""","=""""",1,1,,"=""""","=""L3587""",
Cm,2,"=""390.824""","=""""","=""""","=""""","=""""","=""25579.7""","=""10000""","=""""","=""""","=""""","=""""",,"=""""","=""""","=""""","=""""","=""""","=""""","=""""","=""""",1,1,,"=""""","=""L3587""",
Cm,1,"=""393.667""","=""""","=""""","=""""","=""""","=""25395.0""","=""10000""","=""""","=""""","=""""","=""""",,"=""""","=""""","=""""","=""""","=""""","=""""","=""""","=""""",1,1,,"=""""","=""L3587""",
Cm,1,"=""394.203""","=""""","=""""","=""""","=""""","=""25360.5""","=""10000""","=""""","=""""","=""""","=""""",,"=""""","=""""","=""""","=""""","=""""","=""""","=""""","=""""",1,1,,"=""""","=""L3587""",
Cm,1,"=""394.415""","=""""","=""""","=""""","=""""","=""25346.8""","=""10000""","=""""","=""""","=""""","=""""",,"=""""","=""""","=""""","=""""","=""""","=""""","=""""","=""""",1,1,,"=""""","=""L3587""",
Cm,1,"=""394.868""","=""""","=""""","=""""","=""""","=""25317.8""","=""10000""","=""""","=""""","=""""","=""""",,"=""""","=""""","=""""","=""""","=""""","=""""","=""""","=""""",1,1,,"=""""","=""L3587""",
Cm,1,"=""395.336""","=""""","=""""","=""""","=""""","=""25287.8""","=""10000""","=""""","=""""","=""""","=""""",,"=""""","=""""","=""""","=""""","=""""","=""""","=""""","=""""",1,1,,"=""""","=""L3587""",
Cm,1,"=""396.483""","=""""","=""""","=""""","=""""","=""25214.6""","=""10000""","=""""","=""""","=""""","=""""",,"=""""","=""""","=""""","=""""","=""""","=""""","=""""","=""""",1,1,,"=""""","=""L3587""",
Cm,1,"=""399.510""","=""""","=""""","=""""","=""""","=""25023.6""","=""10000""","=""""","=""""","=""""","=""""",,"=""""","=""""","=""""","=""""","=""""","=""""","=""""","=""""",1,1,,"=""""","=""L3587""",
Cm,1,"=""401.617""","=""""","=""""","=""""","=""""","=""24892.3""","=""10000""","=""""","=""""","=""""","=""""",,"=""""","=""""","=""""","=""""","=""""","=""""","=""""","=""""",1,1,,"=""""","=""L3587""",
Cm,1,"=""403.176""","=""""","=""""","=""""","=""""","=""24796.1""","=""10000""","=""""","=""""","=""""","=""""",,"=""""","=""""","=""""","=""""","=""""","=""""","=""""","=""""",1,1,,"=""""","=""L3587""",
Cm,1,"=""404.829""","=""""","=""""","=""""","=""""","=""24694.8""","=""10000""","=""""","=""""","=""""","=""""",,"=""""","=""""","=""""","=""""","=""""","=""""","=""""","=""""",1,1,,"=""""","=""L3587""",
Cm,1,"=""404.965""","=""""","=""""","=""""","=""""","=""24686.5""","=""10000""","=""""","=""""","=""""","=""""",,"=""""","=""""","=""""","=""""","=""""","=""""","=""""","=""""",1,1,,"=""""","=""L3587""",
Cm,1,"=""411.329""","=""""","=""""","=""""","=""""","=""24304.6""","=""10000""","=""""","=""""","=""""","=""""",,"=""""","=""""","=""""","=""""","=""""","=""""","=""""","=""""",1,1,,"=""""","=""L3587""",
Cm,1,"=""412.971""","=""""","=""""","=""""","=""""","=""24207.9""","=""10000""","=""""","=""""","=""""","=""""",,"=""""","=""""","=""""","=""""","=""""","=""""","=""""","=""""",1,1,,"=""""","=""L3587""",
Cm,2,"=""420.766""","=""""","=""""","=""""","=""""","=""23759.5""","=""10000""","=""""","=""""","=""""","=""""",,"=""""","=""""","=""""","=""""","=""""","=""""","=""""","=""""",1,1,,"=""""","=""L3587""",
Cm,1,"=""421.162""","=""""","=""""","=""""","=""""","=""23737.1""","=""10000""","=""""","=""""","=""""","=""""",,"=""""","=""""","=""""","=""""","=""""","=""""","=""""","=""""",1,1,,"=""""","=""L3587""",
Cm,1,"=""426.645""","=""""","=""""","=""""","=""""","=""23432.1""","=""10000""","=""""","=""""","=""""","=""""",,"=""""","=""""","=""""","=""""","=""""","=""""","=""""","=""""",1,1,,"=""""","=""L3587""",
Cm,1,"=""429.300""","=""""","=""""","=""""","=""""","=""23287.2""","=""10000""","=""""","=""""","=""""","=""""",,"=""""","=""""","=""""","=""""","=""""","=""""","=""""","=""""",1,1,,"=""""","=""L3587""",
Cm,1,"=""433.082""","=""""","=""""","=""""","=""""","=""23083.8""","=""10000""","=""""","=""""","=""""","=""""",,"=""""","=""""","=""""","=""""","=""""","=""""","=""""","=""""",1,1,,"=""""","=""L3587""",
Cm,1,"=""434.569""","=""""","=""""","=""""","=""""","=""23004.8""","=""10000""","=""""","=""""","=""""","=""""",,"=""""","=""""","=""""","=""""","=""""","=""""","=""""","=""""",1,1,,"=""""","=""L3587""",
Cm,1,"=""444.777""","=""""","=""""","=""""","=""""","=""22476.9""","=""10000""","=""""","=""""","=""""","=""""",,"=""""","=""""","=""""","=""""","=""""","=""""","=""""","=""""",1,1,,"=""""","=""L3587""",
Cm,1,"=""445.916""","=""""","=""""","=""""","=""""","=""22419.5""","=""10000""","=""""","=""""","=""""","=""""",,"=""""","=""""","=""""","=""""","=""""","=""""","=""""","=""""",1,1,,"=""""","=""L3587""",
Cm,1,"=""460.840""","=""""","=""""","=""""","=""""","=""21693.4""","=""10000""","=""""","=""""","=""""","=""""",,"=""""","=""""","=""""","=""""","=""""","=""""","=""""","=""""",1,1,,"=""""","=""L3587""",
Cm,1,"=""584.607""","=""""","=""""","=""""","=""""","=""17100.8""","=""10000""","=""""","=""""","=""""","=""""",,"=""""","=""""","=""""","=""""","=""""","=""""","=""""","=""""",1,1,,"=""""","=""L3587""",
Cm,1,"=""595.241""","=""""","=""""","=""""","=""""","=""16795.3""","=""10000""","=""""","=""""","=""""","=""""",,"=""""","=""""","=""""","=""""","=""""","=""""","=""""","=""""",1,1,,"=""""","=""L3587""",
Cm,1,"=""605.890""","=""""","=""""","=""""","=""""","=""16500.1""","=""10000""","=""""","=""""","=""""","=""""",,"=""""","=""""","=""""","=""""","=""""","=""""","=""""","=""""",1,1,,"=""""","=""L3587""",
Cm,1,"=""624.335""","=""""","=""""","=""""","=""""","=""16012.6""","=""10000""","=""""","=""""","=""""","=""""",,"=""""","=""""","=""""","=""""","=""""","=""""","=""""","=""""",1,1,,"=""""","=""L3587""",
Cm,1,"=""637.671""","=""""","=""""","=""""","=""""","=""15677.73""","=""10000""","=""""","=""""","=""""","=""""",,"=""""","=""""","=""""","=""""","=""""","=""""","=""""","=""""",1,1,,"=""""","=""L3587""",
Cm,1,"=""651.016""","=""""","=""""","=""""","=""""","=""15356.36""","=""10000""","=""""","=""""","=""""","=""""",,"=""""","=""""","=""""","=""""","=""""","=""""","=""""","=""""",1,1,,"=""""","=""L3587""",
Cm,1,"=""655.441""","=""""","=""""","=""""","=""""","=""15252.69""","=""10000""","=""""","=""""","=""""","=""""",,"=""""","=""""","=""""","=""""","=""""","=""""","=""""","=""""",1,1,,"=""""","=""L3587""",
Cm,1,"=""664.017""","=""""","=""""","=""""","=""""","=""15055.70""","=""10000""","=""""","=""""","=""""","=""""",,"=""""","=""""","=""""","=""""","=""""","=""""","=""""","=""""",1,1,,"=""""","=""L3587""",
Cm,1,"=""666.325""","=""""","=""""","=""""","=""""","=""15003.55""","=""10000""","=""""","=""""","=""""","=""""",,"=""""","=""""","=""""","=""""","=""""","=""""","=""""","=""""",1,1,,"=""""","=""L3587""",
Cm,1,"=""668.687""","=""""","=""""","=""""","=""""","=""14950.55""","=""10000""","=""""","=""""","=""""","=""""",,"=""""","=""""","=""""","=""""","=""""","=""""","=""""","=""""",1,1,,"=""""","=""L3587""",
Cm,1,"=""670.685""","=""""","=""""","=""""","=""""","=""14906.01""","=""10000""","=""""","=""""","=""""","=""""",,"=""""","=""""","=""""","=""""","=""""","=""""","=""""","=""""",1,1,,"=""""","=""L3587""",
Cm,1,"=""672.668""","=""""","=""""","=""""","=""""","=""14862.07""","=""10000""","=""""","=""""","=""""","=""""",,"=""""","=""""","=""""","=""""","=""""","=""""","=""""","=""""",1,1,,"=""""","=""L3587""",
Cm,1,"=""679.315""","=""""","=""""","=""""","=""""","=""14716.65""","=""10000""","=""""","=""""","=""""","=""""",,"=""""","=""""","=""""","=""""","=""""","=""""","=""""","=""""",1,1,,"=""""","=""L3587""",
Cm,1,"=""716.269""","=""""","=""""","=""""","=""""","=""13957.39""","=""10000""","=""""","=""""","=""""","=""""",,"=""""","=""""","=""""","=""""","=""""","=""""","=""""","=""""",1,1,,"=""""","=""L3587""",
Cm,1,"=""757.780""","=""""","=""""","=""""","=""""","=""13192.81""","=""10000""","=""""","=""""","=""""","=""""",,"=""""","=""""","=""""","=""""","=""""","=""""","=""""","=""""",1,1,,"=""""","=""L3587""",
Cm,1,"=""767.379""","=""""","=""""","=""""","=""""","=""13027.78""","=""10000""","=""""","=""""","=""""","=""""",,"=""""","=""""","=""""","=""""","=""""","=""""","=""""","=""""",1,1,,"=""""","=""L3587""",
Cm,1,"=""772.047""","=""""","=""""","=""""","=""""","=""12949.02""","=""10000""","=""""","=""""","=""""","=""""",,"=""""","=""""","=""""","=""""","=""""","=""""","=""""","=""""",1,1,,"=""""","=""L3587""",
Cm,1,"=""839.237""","=""""","=""""","=""""","=""""","=""11912.31""","=""10000""","=""""","=""""","=""""","=""""",,"=""""","=""""","=""""","=""""","=""""","=""""","=""""","=""""",1,1,,"=""""","=""L3587""",
Cm,1,"=""929.325""","=""""","=""""","=""""","=""""","=""10757.55""","=""10000""","=""""","=""""","=""""","=""""",,"=""""","=""""","=""""","=""""","=""""","=""""","=""""","=""""",1,1,,"=""""","=""L3587""",
Cm,1,"=""956.708""","=""""","=""""","=""""","=""""","=""10449.64""","=""10000""","=""""","=""""","=""""","=""""",,"=""""","=""""","=""""","=""""","=""""","=""""","=""""","=""""",1,1,,"=""""","=""L3587""",
Cm,1,"=""965.712""","=""""","=""""","=""""","=""""","=""10352.21""","=""10000""","=""""","=""""","=""""","=""""",,"=""""","=""""","=""""","=""""","=""""","=""""","=""""","=""""",1,1,,"=""""","=""L3587""",
Cm,1,"=""1031.083""","=""""","=""""","=""""","=""""","=""9695.88""","=""10000""","=""""","=""""","=""""","=""""",,"=""""","=""""","=""""","=""""","=""""","=""""","=""""","=""""",1,1,,"=""""","=""L3587""",
Cm,1,"=""1035.173""","=""""","=""""","=""""","=""""","=""9657.57""","=""10000""","=""""","=""""","=""""","=""""",,"=""""","=""""","=""""","=""""","=""""","=""""","=""""","=""""",1,1,,"=""""","=""L3587""",
Cm,1,"=""1042.449""","=""""","=""""","=""""","=""""","=""9590.17""","=""10000""","=""""","=""""","=""""","=""""",,"=""""","=""""","=""""","=""""","=""""","=""""","=""""","=""""",1,1,,"=""""","=""L3587""",
Cm,1,"=""1050.811""","=""""","=""""","=""""","=""""","=""9513.85""","=""10000""","=""""","=""""","=""""","=""""",,"=""""","=""""","=""""","=""""","=""""","=""""","=""""","=""""",1,1,,"=""""","=""L3587""",
Cm,1,"=""1054.298""","=""""","=""""","=""""","=""""","=""9482.39""","=""10000""","=""""","=""""","=""""","=""""",,"=""""","=""""","=""""","=""""","=""""","=""""","=""""","=""""",1,1,,"=""""","=""L3587""",
Cm,1,"=""1079.225""","=""""","=""""","=""""","=""""","=""9263.37""","=""10000""","=""""","=""""","=""""","=""""",,"=""""","=""""","=""""","=""""","=""""","=""""","=""""","=""""",1,1,,"=""""","=""L3587""",
Cm,1,"=""1089.745""","=""""","=""""","=""""","=""""","=""9173.95""","=""10000""","=""""","=""""","=""""","=""""",,"=""""","=""""","=""""","=""""","=""""","=""""","=""""","=""""",1,1,,"=""""","=""L3587""",
Cm,1,"=""1150.745""","=""""","=""""","=""""","=""""","=""8687.64""","=""10000""","=""""","=""""","=""""","=""""",,"=""""","=""""","=""""","=""""","=""""","=""""","=""""","=""""",1,1,,"=""""","=""L3919""",
Cm,1,"=""1170.773""","=""""","=""""","=""""","=""""","=""8539.03""","=""10000""","=""""","=""""","=""""","=""""",,"=""""","=""""","=""""","=""""","=""""","=""""","=""""","=""""",1,1,,"=""""","=""L3919""",
Cm,1,"=""1178.095""","=""""","=""""","=""""","=""""","=""8485.96""","=""10000""","=""""","=""""","=""""","=""""",,"=""""","=""""","=""""","=""""","=""""","=""""","=""""","=""""",1,1,,"=""""","=""L3919""",
Cm,1,"=""1183.428""","=""""","=""""","=""""","=""""","=""8447.72""","=""10000""","=""""","=""""","=""""","=""""",,"=""""","=""""","=""""","=""""","=""""","=""""","=""""","=""""",1,1,,"=""""","=""L3919""",
Cm,1,"=""1201.785""","=""""","=""""","=""""","=""""","=""8318.68""","=""10000""","=""""","=""""","=""""","=""""",,"=""""","=""""","=""""","=""""","=""""","=""""","=""""","=""""",1,1,,"=""""","=""L3919""",
Cm,1,"=""1239.416""","=""""","=""""","=""""","=""""","=""8066.11""","=""10000""","=""""","=""""","=""""","=""""",,"=""""","=""""","=""""","=""""","=""""","=""""","=""""","=""""",1,1,,"=""""","=""L3919""",
Cm,1,"=""1245.498""","=""""","=""""","=""""","=""""","=""8026.72""","=""10000""","=""""","=""""","=""""","=""""",,"=""""","=""""","=""""","=""""","=""""","=""""","=""""","=""""",1,1,,"=""""","=""L3919""",
Cm,1,"=""1246.499""","=""""","=""""","=""""","=""""","=""8020.27""","=""10000""","=""""","=""""","=""""","=""""",,"=""""","=""""","=""""","=""""","=""""","=""""","=""""","=""""",1,1,,"=""""","=""L3919""",
Cm,1,"=""1300.456""","=""""","=""""","=""""","=""""","=""7687.51""","=""10000""","=""""","=""""","=""""","=""""",,"=""""","=""""","=""""","=""""","=""""","=""""","=""""","=""""",1,1,,"=""""","=""L3919""",
Cm,1,"=""1325.818""","=""""","=""""","=""""","=""""","=""7540.45""","=""10000""","=""""","=""""","=""""","=""""",,"=""""","=""""","=""""","=""""","=""""","=""""","=""""","=""""",1,1,,"=""""","=""L3919""",
Cm,1,"=""1328.984""","=""""","=""""","=""""","=""""","=""7522.49""","=""10000""","=""""","=""""","=""""","=""""",,"=""""","=""""","=""""","=""""","=""""","=""""","=""""","=""""",1,1,,"=""""","=""L3919""",
Cm,1,"=""1334.462""","=""""","=""""","=""""","=""""","=""7491.61""","=""10000""","=""""","=""""","=""""","=""""",,"=""""","=""""","=""""","=""""","=""""","=""""","=""""","=""""",1,1,,"=""""","=""L3919""",
Cm,1,"=""1348.054""","=""""","=""""","=""""","=""""","=""7416.07""","=""10000""","=""""","=""""","=""""","=""""",,"=""""","=""""","=""""","=""""","=""""","=""""","=""""","=""""",1,1,,"=""""","=""L3919""",
Cm,1,"=""1359.001""","=""""","=""""","=""""","=""""","=""7356.33""","=""10000""","=""""","=""""","=""""","=""""",,"=""""","=""""","=""""","=""""","=""""","=""""","=""""","=""""",1,1,,"=""""","=""L3919""",
Cm,1,"=""1364.477""","=""""","=""""","=""""","=""""","=""7326.81""","=""10000""","=""""","=""""","=""""","=""""",,"=""""","=""""","=""""","=""""","=""""","=""""","=""""","=""""",1,1,,"=""""","=""L3919""",
Cm,1,"=""1378.952""","=""""","=""""","=""""","=""""","=""7249.90""","=""10000""","=""""","=""""","=""""","=""""",,"=""""","=""""","=""""","=""""","=""""","=""""","=""""","=""""",1,1,,"=""""","=""L3919""",
Cm,1,"=""1384.018""","=""""","=""""","=""""","=""""","=""7223.36""","=""10000""","=""""","=""""","=""""","=""""",,"=""""","=""""","=""""","=""""","=""""","=""""","=""""","=""""",1,1,,"=""""","=""L3919""",
Cm,1,"=""1390.846""","=""""","=""""","=""""","=""""","=""7187.90""","=""10000""","=""""","=""""","=""""","=""""",,"=""""","=""""","=""""","=""""","=""""","=""""","=""""","=""""",1,1,,"=""""","=""L3919""",
Cm,1,"=""1396.414""","=""""","=""""","=""""","=""""","=""7159.24""","=""10000""","=""""","=""""","=""""","=""""",,"=""""","=""""","=""""","=""""","=""""","=""""","=""""","=""""",1,1,,"=""""","=""L3919""",
Cm,1,"=""1423.527""","=""""","=""""","=""""","=""""","=""7022.89""","=""10000""","=""""","=""""","=""""","=""""",,"=""""","=""""","=""""","=""""","=""""","=""""","=""""","=""""",1,1,,"=""""","=""L3919""",
Cm,1,"=""1433.452""","=""""","=""""","=""""","=""""","=""6974.26""","=""10000""","=""""","=""""","=""""","=""""",,"=""""","=""""","=""""","=""""","=""""","=""""","=""""","=""""",1,1,,"=""""","=""L3919""",
Cm,1,"=""1456.341""","=""""","=""""","=""""","=""""","=""6864.65""","=""10000""","=""""","=""""","=""""","=""""",,"=""""","=""""","=""""","=""""","=""""","=""""","=""""","=""""",1,1,,"=""""","=""L3919""",
Cm,1,"=""1458.023""","=""""","=""""","=""""","=""""","=""6856.73""","=""10000""","=""""","=""""","=""""","=""""",,"=""""","=""""","=""""","=""""","=""""","=""""","=""""","=""""",1,1,,"=""""","=""L3919""",
Cm,1,"=""1501.813""","=""""","=""""","=""""","=""""","=""6656.80""","=""10000""","=""""","=""""","=""""","=""""",,"=""""","=""""","=""""","=""""","=""""","=""""","=""""","=""""",1,1,,"=""""","=""L3919""",
Cm,1,"=""1522.227""","=""""","=""""","=""""","=""""","=""6567.53""","=""10000""","=""""","=""""","=""""","=""""",,"=""""","=""""","=""""","=""""","=""""","=""""","=""""","=""""",1,1,,"=""""","=""L3919""",
Cm,1,"=""1564.259""","=""""","=""""","=""""","=""""","=""6391.06""","=""10000""","=""""","=""""","=""""","=""""",,"=""""","=""""","=""""","=""""","=""""","=""""","=""""","=""""",1,1,,"=""""","=""L3919""",
Cm,1,"=""1575.723""","=""""","=""""","=""""","=""""","=""6344.56""","=""10000""","=""""","=""""","=""""","=""""",,"=""""","=""""","=""""","=""""","=""""","=""""","=""""","=""""",1,1,,"=""""","=""L3919""",
Cm,1,"=""1579.331""","=""""","=""""","=""""","=""""","=""6330.07""","=""10000""","=""""","=""""","=""""","=""""",,"=""""","=""""","=""""","=""""","=""""","=""""","=""""","=""""",1,1,,"=""""","=""L3919""",
Cm,1,"=""1600.841""","=""""","=""""","=""""","=""""","=""6245.01""","=""10000""","=""""","=""""","=""""","=""""",,"=""""","=""""","=""""","=""""","=""""","=""""","=""""","=""""",1,1,,"=""""","=""L3919""",
Cm,1,"=""1714.822""","=""""","=""""","=""""","=""""","=""5829.92""","=""10000""","=""""","=""""","=""""","=""""",,"=""""","=""""","=""""","=""""","=""""","=""""","=""""","=""""",1,1,,"=""""","=""L3919""",
Cm,1,"=""1745.318""","=""""","=""""","=""""","=""""","=""5728.05""","=""10000""","=""""","=""""","=""""","=""""",,"=""""","=""""","=""""","=""""","=""""","=""""","=""""","=""""",1,1,,"=""""","=""L3919""",
Cm,1,"=""1761.928""","=""""","=""""","=""""","=""""","=""5674.05""","=""10000""","=""""","=""""","=""""","=""""",,"=""""","=""""","=""""","=""""","=""""","=""""","=""""","=""""",1,1,,"=""""","=""L3919""",
Cm,1,"=""1806.902""","=""""","=""""","=""""","=""""","=""5532.82""","=""10000""","=""""","=""""","=""""","=""""",,"=""""","=""""","=""""","=""""","=""""","=""""","=""""","=""""",1,1,,"=""""","=""L3919""",
Cm,1,"=""1957.262""","=""""","=""""","=""""","=""""","=""5107.78""","=""10000""","=""""","=""""","=""""","=""""",,"=""""","=""""","=""""","=""""","=""""","=""""","=""""","=""""",1,1,,"=""""","=""L3919""",
Cm,1,"=""1997.598""","=""""","=""""","=""""","=""""","=""5004.645""","=""10000""","=""""","=""""","=""""","=""""",,"=""""","=""""","=""""","=""""","=""""","=""""","=""""","=""""",1,1,,"=""""","=""L3587""",
element,sp_num,obs_wl_vac(nm),unc_obs_wl,ritz_wl_vac(nm),unc_ritz_wl,obs-ritz,wn(cm-1),intens,Aki(10^8 s^-1),fik,S(a.u.),log_gf,Acc,Ei(cm-1),Ek(cm-1),conf_i,term_i,J_i,conf_k,term_k,J_k,g_i,g_k,Type,tp_ref,line_ref,
Cm,1,"=""2053.192""","=""""","=""""","=""""","=""""","=""4870.465""","=""10000""","=""""","=""""","=""""","=""""",,"=""""","=""""","=""""","=""""","=""""","=""""","=""""","=""""",1,1,,"=""""","=""L3919""",
Cm,1,"=""2085.918""","=""""","=""""","=""""","=""""","=""4794.052""","=""10000""","=""""","=""""","=""""","=""""",,"=""""","=""""","=""""","=""""","=""""","=""""","=""""","=""""",1,1,,"=""""","=""L3919""",
Cm,1,"=""2091.723""","=""""","=""""","=""""","=""""","=""4780.748""","=""10000""","=""""","=""""","=""""","=""""",,"=""""","=""""","=""""","=""""","=""""","=""""","=""""","=""""",1,1,,"=""""","=""L3919""",
Cm,1,"=""2097.383""","=""""","=""""","=""""","=""""","=""4767.846""","=""10000""","=""""","=""""","=""""","=""""",,"=""""","=""""","=""""","=""""","=""""","=""""","=""""","=""""",1,1,,"=""""","=""L3919""",
Cm,1,"=""2124.686""","=""""","=""""","=""""","=""""","=""4706.578""","=""10000""","=""""","=""""","=""""","=""""",,"=""""","=""""","=""""","=""""","=""""","=""""","=""""","=""""",1,1,,"=""""","=""L3919""",
Cm,1,"=""2139.907""","=""""","=""""","=""""","=""""","=""4673.100""","=""10000""","=""""","=""""","=""""","=""""",,"=""""","=""""","=""""","=""""","=""""","=""""","=""""","=""""",1,1,,"=""""","=""L3919""",
